{"cameraMode":{"drawMode":0,"name":"Shaded","section":"Shading Mode"},"sceneLighting":false,"audioPlay":false,"sceneViewState":{"showFog":true,"showMaterialUpdate":false,"showSkybox":false,"showFlares":true,"showImageEffects":true,"showParticleSystems":true},"in2DMode":false,"pivot":{"x":1.7492080926895142,"y":-1.1572062969207764,"z":-1.0544369220733643},"rotation":{"x":-0.38002902269363406,"y":0.044924624264240268,"z":-0.01848459057509899,"w":-0.9237064123153687},"size":4.408331394195557,"orthographic":false}